{"loss": 3.28515625, "_timestamp": 1650294165, "_runtime": 71926, "train_acc": 0.8065984072810012, "dev_face_acc": 0.701195219123506, "dev_angel_acc": 0.5472312703583062, "test_face_acc": 0.6531620553359684, "test_angel_acc": 0.5659609120521173, "_step": 5815}