{"loss": 4.13671875, "_timestamp": 1649938878, "_runtime": 395, "train_acc": 0.5565984072810012, "dev_face_acc": 0.5517928286852589, "dev_angel_acc": 0.5488599348534202, "_step": 210}