{"loss": 4.2734375, "_timestamp": 1649938229, "_runtime": 500, "train_acc": 0.5497724687144482, "dev_face_acc": 0.549800796812749, "dev_angel_acc": 0.5488599348534202, "_step": 135}