{"loss": 1.135359525680542, "_timestamp": 1650081341, "_runtime": 3876, "train_acc": 0.987426225301514, "dev_face_acc": 0.6832669322709163, "dev_angel_acc": 0.7198697068403909, "_step": 1219, "_wandb": {"runtime": 3962}}