{"loss": 1.4945545196533203, "_timestamp": 1650122672, "_runtime": 9654, "train_acc": 0.9786689419795221, "dev_face_acc": 0.6852589641434262, "dev_angel_acc": 0.5602605863192183, "_step": 3358}