{"loss": 3.808319568634033, "_timestamp": 1650071689, "_runtime": 169, "train_acc": 0.567231203489864, "dev_face_acc": 0.5776892430278885, "dev_angel_acc": 0.5749185667752443, "_step": 49}