{"loss": 0.61474609375, "_timestamp": 1650294274, "_runtime": 35679, "train_acc": 0.9948574100046751, "dev_face_acc": 0.5318725099601593, "dev_angel_acc": 0.6742671009771987, "test_face_acc": 0.5810276679841897, "test_angel_acc": 0.6718241042345277, "_step": 2320}