{"loss": 2.1784987449645996, "_timestamp": 1650087812, "_runtime": 3708, "train_acc": 0.9350782653323069, "dev_face_acc": 0.6952191235059761, "dev_angel_acc": 0.6905537459283387, "_step": 1219, "_wandb": {"runtime": 3774}}