{"loss": 3.987125873565674, "_timestamp": 1650071492, "_runtime": 1949, "train_acc": 0.5615858352578906, "dev_face_acc": 0.5717131474103586, "dev_angel_acc": 0.5472312703583062, "_step": 16}