{"loss": 0.53857421875, "_timestamp": 1650287365, "_runtime": 28537, "train_acc": 0.9982935153583617, "dev_face_acc": 0.6872509960159362, "dev_angel_acc": 0.5618892508143323, "test_face_acc": 0.6946640316205533, "test_angel_acc": 0.5863192182410424, "_step": 2074}