{"loss": 0.8869792819023132, "_timestamp": 1650076348, "_runtime": 4102, "train_acc": 0.985245060302797, "dev_face_acc": 0.6892430278884463, "dev_angel_acc": 0.7149837133550488, "_step": 1726}