{"loss": 0.7470703125, "_timestamp": 1650202441, "_runtime": 5347, "train_acc": 0.9889078498293515, "dev_face_acc": 0.649402390438247, "dev_angel_acc": 0.5472312703583062, "_step": 1878}