{"dev_angel_acc": 0.5472312703583062, "loss": 0.7470703125, "_step": 1878, "_runtime": 5347, "train_acc": 0.9889078498293516, "_timestamp": 1650202441, "dev_face_acc": 0.649402390438247}