{"loss": 3.94921875, "_timestamp": 1650168806, "_runtime": 45605, "train_acc": 0.7852673492605233, "dev_face_acc": 0.6912350597609562, "dev_angel_acc": 0.5667752442996743, "_step": 10498}